KontaktID;TelefonNummer;MobilNummer;Email
1;;01757029155;charlottebauer@gmail.com
2;07707442240;;lea.bauer@outlook.de
3;;01572120373;
4;0847224540;;lenabecker59@web.de
5;;01621615546;maxbecker@hotmail.de
6;05454105730;;
7;;01762028693;philipp.becker@gmx.de
8;018213330719;;alexander_braun@web.de
9;;01725594342;benjamin_braun@gmx.de
10;;01777172703;felixbraun@t-online.de
11;;01736824725;jonas_braun45@hotmail.de
12;;01760168853;philipp.braun@outlook.de
;;;
14;;;sofia_braun@gmail.com
15;;;annafischer31@gmx.de
16;;01787140774;
17;;01782950439;
18;0725532540;;mariefischer81@gmail.com
19;;01759138215;
20;054484108840;;paul_fischer@gmx.de
21;;01609474225;sofia_fischer@gmail.com
22;0469663183;;annahartmann57@web.de
23;047443576728;;benjaminhartmann@outlook.de
24;;;
25;;01605582308;
26;09216566449;;lena_hartmann26@t-online.de
27;06665244382;;leon_hartmann54@gmail.com
28;;01705894426;benjaminhoffmann@t-online.de
29;0969497166;;
30;;01512786534;marc_hoffmann@gmx.de
31;05165191236;;max_hoffmann@t-online.de
32;;01783359065;moritzhoffmann4@gmail.com
;;;
34;;;pauline.hoffmann@gmx.de
35;;;philipp_hoffmann57@outlook.de
36;;01514569987;simon.hoffmann@gmail.com
37;;01700608239;clarahofmann@t-online.de
38;085085972527;;jan.hofmann@t-online.de
39;;01527927067;leon.hofmann81@t-online.de
40;09581919;;luisa.hofmann@t-online.de
41;0626864433;;miahofmann@t-online.de
42;;;
43;07227802251;;sofia_hofmann@t-online.de
44;;;anna.klein17@web.de
45;04459509221;;janklein94@t-online.de
46;;01620066031;jonas.klein@outlook.de
47;;;luis_klein42@t-online.de
48;0511836767;;max.klein@outlook.de
49;;01707506238;
50;084099054843;;
;;;
52;;;laura.koch@hotmail.de
53;;;
54;;;
55;;01572737616;
56;07327018027;;max.koch@outlook.de
57;06777949185;;philipp.koch@web.de
58;057493478763;;
59;;01783670263;felix_krause@gmail.com
60;;01751323631;jan_krause@outlook.de
61;;;miakrause@outlook.de
;;;
63;07474193231;;sofiakrause@outlook.de
64;01354383616;;
65;0628612540;;annakrueger@outlook.de
66;;01753848142;
67;074609419999;;daniel_krueger23@t-online.de
68;;01760688436;
69;;01748385003;
;;;
71;;;mariakrueger21@web.de
72;;01702499158;
73;048056798357;;niklas_krueger86@outlook.de
74;02830938732;;timkrueger@gmx.de
75;;01756679282;emma.lange@outlook.de
;;;
77;;01777054528;hannahlange@gmx.de
78;04303357584;;lena.lange@gmail.com
79;;01773291418;luis.lange@gmail.com
80;;01792320786;lukaslange54@hotmail.de
81;;01739912538;marc.lange@outlook.de
82;05690436406;;simon.lange70@hotmail.de
83;;01578569564;amelie.lehmann@hotmail.de
84;0256492980;;jonas.lehmann61@gmx.de
85;;01701352723;marc_lehmann18@hotmail.de
86;;01786586861;marielehmann@gmail.com
87;;;niklas.lehmann@t-online.de
;;;
89;;01570638273;niklas_lehmann@outlook.de
90;;01729228482;paul_lehmann@t-online.de
91;;;paulinelehmann24@gmail.com
92;;01752566509;
93;036083238563;;
94;;01520316720;
95;;;amelie.meier88@t-online.de
96;;01605513055;
97;0637370991;;felix_meier@t-online.de
98;0753946967;;finn_meier18@web.de
99;;01742956837;laura.meier@outlook.de
100;0683053178;;mariameier53@gmx.de
101;087614222625;;
102;;01760248652;finn.meyer81@web.de
103;0937149500;;janmeyer29@gmx.de
104;;;
105;;01602899420;
106;0175902835;;annamueller@web.de
107;;01572724773;
108;087930437191;;
109;;01512345923;juliamueller76@hotmail.de
110;;01727546030;
111;0286430155;;
112;;;leonmueller44@outlook.de
113;04991927717;;miamueller@hotmail.de
114;031277837356;;moritzmueller@web.de
115;;01747874511;
116;08863005214;;simonmueller@gmail.com
117;030230691755;;
118;;01521063328;paulneumann@gmx.de
119;0667684130;;lea.richter33@outlook.de
120;024915351684;;
121;;;sara_richter@t-online.de
122;;01741922125;tom.richter@hotmail.de
123;;01753662080;
124;;01799627027;alexander_schmidt@t-online.de
125;0960736238;;anna.schmidt@outlook.de
126;;;jonas_schmidt68@t-online.de
127;02770191958;;
128;042970692919;;luisa_schmidt39@web.de
129;;;nele_schmidt@outlook.de
130;0815988993;;nico.schmidt@gmx.de
131;;01782378031;philippschmidt@hotmail.de
132;0153753325;;sofia.schmidt63@outlook.de
133;;;julia.schmitt@gmx.de
134;0701552241;;laraschmitt@gmail.com
135;;01778394003;lauraschmitt@hotmail.de
136;;01724099093;max.schmitt@web.de
137;;;mia_schmitt@web.de
138;;;niklasschmitt83@web.de
139;07891688904;;timschmitt@gmx.de
140;05558270991;;
141;;01515873579;charlotteschmitz@outlook.de
142;;;felix_schmitz67@gmx.de
143;;01728151203;lena.schmitz@hotmail.de
144;;01515574394;luisaschmitz23@web.de
145;;01742839791;
146;;01743056114;mariaschmitz@outlook.de
147;;01778161933;neleschmitz@gmx.de
148;0853799634;;timschmitz@t-online.de
149;;01715852712;benjamin_schneider@hotmail.de
150;;01705743140;clara.schneider@hotmail.de
151;;01790057028;
152;;01621307004;sara_schneider@gmail.com
153;;01797588134;
154;;01746207588;sofiaschneider@gmail.com
155;0549193163;;danielschroeder@web.de
156;;01579791335;
157;0189286659;;laura.schroeder@gmx.de
158;;01621381625;marcschroeder75@outlook.de
;;;
160;;;nico_schroeder37@web.de
161;;;niklas.schroeder84@gmail.com
162;;01748142201;niklas.schroeder@gmx.de
;;;
164;;01570155581;philipp_schroeder@hotmail.de
165;0537936337;;
166;;;simonschroeder33@gmx.de
167;0754839317;;felix_schulz@gmail.com
168;072929927971;;
169;08473181709;;lara_schulz45@t-online.de
170;07447895659;;lukasschulz@t-online.de
171;;01623831398;neleschulz@t-online.de
172;;;pauline_schulz@t-online.de
173;021364115366;;simon.schulz@outlook.de
174;;01785792249;
175;09614679450;;amelie.schwarz37@outlook.de
176;014964674358;;
177;;01733842449;jonas.schwarz@web.de
178;;01765857514;marc_schwarz@hotmail.de
179;;;sofia_schwarz56@outlook.de
180;;01511456819;timschwarz63@outlook.de
181;0909299574;;
182;0363612201;;
183;;01730663563;luis.wagner@gmx.de
184;;01775322586;
185;09309588859;;anna.weber@web.de
186;;01752711644;annaweber@gmail.com
187;;01797638515;benjamin.weber@outlook.de
188;;;charlotteweber96@gmail.com
189;;01783937206;claraweber@gmx.de
190;;01525698178;
191;;01522743705;
192;01226249883;;max.weber@hotmail.de
193;0280360018;;moritz_weber@t-online.de
194;;01758219448;neleweber@hotmail.de
195;;01513040541;
196;080404202620;;timweber47@gmail.com
197;;01737543214;annawerner@gmail.com
198;;01703382956;anna_werner37@gmx.de
199;;01787185393;
200;;01783913887;jonas_werner@hotmail.de
201;;01724933087;lea.werner@t-online.de
202;;01511786084;leon.werner@gmx.de
203;0175083926;;luisawerner@hotmail.de
204;060723418379;;marc_werner52@gmail.com
205;;;marie.werner@outlook.de
206;056958977;;moritz_werner@web.de
207;0738539490;;niklas.werner@hotmail.de
208;;01751192136;paulwerner@hotmail.de
209;;01796348701;pauline.werner@t-online.de
210;;01791550163;amelie_wolf@hotmail.de
211;;01522026486;felix_wolf@hotmail.de
;;;
;;;
214;;01756164349;charlotte_zimmermann57@outlook.de
215;081534467066;;danielzimmermann@hotmail.de
216;;01784549259;
;;;
218;;01571148520;sofia.zimmermann@gmx.de